,Blank-1,,,,,,,,,,,,,,TEA-5,,,,,,,,,,,,,,TEA-4,,,,,,,,,,,,,,TEA-3,,,,,,,,,,,,,,TEA-2,,,,,,,,,,,,,,TEA-1,,,,,,,,,,,,,,TEA-0,,,,,,,,,,,,,,Blank-2,,,,,,,,,,,,,,RSES58 z6.10c L1,,,,,,,,,,,,,,RSES58 z6.10c L2,,,,,,,,,,,,,,RSES58 z6.10c L3,,,,,,,,,,,,,,RSES58 z6.10c R,,,,,,,,,,,,,,RSES58 z6.10d L1,,,,,,,,,,,,,,RSES58 z6.10d L2,,,,,,,,,,,,,,RSES58 z6.10d L3,,,,,,,,,,,,,,RSES58 z6.10d R,,,,,,,,,,,,,,Blank-3,,,,,,,,,,,,,,RSES59 z2.9a L1,,,,,,,,,,,,,,RSES59 z2.9a L2,,,,,,,,,,,,,,RSES59 z2.9a L3,,,,,,,,,,,,,,RSES59 z2.9a R,,,,,,,,,,,,,,RSES59 z2.9b L1,,,,,,,,,,,,,,RSES59 z2.9b L2,,,,,,,,,,,,,,RSES59 z2.9b L3,,,,,,,,,,,,,,RSES59 z2.9b R,,,,,,,,,,,,,,Blank-4,,,,,,,,,,,,,,RSES59 z2.9c L1,,,,,,,,,,,,,,RSES59 z2.9c L2,,,,,,,,,,,,,,RSES59 z2.9c L3,,,,,,,,,,,,,,RSES59 z2.9c R,,,,,,,,,,,,,,RSES59 z2.9d L1,,,,,,,,,,,,,,RSES59 z2.9d L2,,,,,,,,,,,,,,RSES59 z2.9d L3,,,,,,,,,,,,,,RSES59 z2.9d R,,,,,,,,,,,,,,
,,,,,,,,,,,,,,,,,,,,,,,,,,,,,,,,,,,,,,,,,,,,,,,,,,,,,,,,,,,,,,,,,,,,,,,,,,,,,,,,,,,,,,,,,,,,,,,,,,,,,,,,,,,,,,,,,,,,,,,,,,,,,,,,,,,,,,,,,,,,,,,,,,,,,,,,,,,,,,,,,,,,,,,,,,,,,,,,,,,,,,,,,,,,,,,,,,,,,,,,,,,,,,,,,,,,,,,,,,,,,,,,,,,,,,,,,,,,,,,
,,,,,,,,,,,,,,,,,,,,,,,,,,,,,,,,,,,,,,,,,,,,,,,,,,,,,,,,,,,,,,,,,,,,,,,,,,,,,,,,,,,,,,,,,,,,,,,,,,,,,,,,,,,,,,,,,,,,,,,,,,,,,,,,,,,,,,,,,,,,,,,,,,,,,,,,,,,,,,,,,,,,,,,,,,,,,,,,,,,,,,,,,,,,,,,,,,,,,,,,,,,,,,,,,,,,,,,,,,,,,,,,,,,,,,,,,,,,,,,
Isotope,Error,,Intensity AVG,,Intensity STD,,Intensity RSD,,Concentration AVG,,Concentration AVG,,Concentration RSD,,Error,,Intensity AVG,,Intensity STD,,Intensity RSD,,Concentration AVG,,Concentration AVG,,Concentration RSD,,Error,,Intensity AVG,,Intensity STD,,Intensity RSD,,Concentration AVG,,Concentration AVG,,Concentration RSD,,Error,,Intensity AVG,,Intensity STD,,Intensity RSD,,Concentration AVG,,Concentration AVG,,Concentration RSD,,Error,,Intensity AVG,,Intensity STD,,Intensity RSD,,Concentration AVG,,Concentration AVG,,Concentration RSD,,Error,,Intensity AVG,,Intensity STD,,Intensity RSD,,Concentration AVG,,Concentration AVG,,Concentration RSD,,Error,,Intensity AVG,,Intensity STD,,Intensity RSD,,Concentration AVG,,Concentration AVG,,Concentration RSD,,Error,,Intensity AVG,,Intensity STD,,Intensity RSD,,Concentration AVG,,Concentration AVG,,Concentration RSD,,Error,,Intensity AVG,,Intensity STD,,Intensity RSD,,Concentration AVG,,Concentration AVG,,Concentration RSD,,Error,,Intensity AVG,,Intensity STD,,Intensity RSD,,Concentration AVG,,Concentration AVG,,Concentration RSD,,Error,,Intensity AVG,,Intensity STD,,Intensity RSD,,Concentration AVG,,Concentration AVG,,Concentration RSD,,Error,,Intensity AVG,,Intensity STD,,Intensity RSD,,Concentration AVG,,Concentration AVG,,Concentration RSD,,Error,,Intensity AVG,,Intensity STD,,Intensity RSD,,Concentration AVG,,Concentration AVG,,Concentration RSD,,Error,,Intensity AVG,,Intensity STD,,Intensity RSD,,Concentration AVG,,Concentration AVG,,Concentration RSD,,Error,,Intensity AVG,,Intensity STD,,Intensity RSD,,Concentration AVG,,Concentration AVG,,Concentration RSD,,Error,,Intensity AVG,,Intensity STD,,Intensity RSD,,Concentration AVG,,Concentration AVG,,Concentration RSD,,Error,,Intensity AVG,,Intensity STD,,Intensity RSD,,Concentration AVG,,Concentration AVG,,Concentration RSD,,Error,,Intensity AVG,,Intensity STD,,Intensity RSD,,Concentration AVG,,Concentration AVG,,Concentration RSD,,Error,,Intensity AVG,,Intensity STD,,Intensity RSD,,Concentration AVG,,Concentration AVG,,Concentration RSD,,Error,,Intensity AVG,,Intensity STD,,Intensity RSD,,Concentration AVG,,Concentration AVG,,Concentration RSD,,Error,,Intensity AVG,,Intensity STD,,Intensity RSD,,Concentration AVG,,Concentration AVG,,Concentration RSD,,Error,,Intensity AVG,,Intensity STD,,Intensity RSD,,Concentration AVG,,Concentration AVG,,Concentration RSD,,Error,,Intensity AVG,,Intensity STD,,Intensity RSD,,Concentration AVG,,Concentration AVG,,Concentration RSD,,Error,,Intensity AVG,,Intensity STD,,Intensity RSD,,Concentration AVG,,Concentration AVG,,Concentration RSD,,Error,,Intensity AVG,,Intensity STD,,Intensity RSD,,Concentration AVG,,Concentration AVG,,Concentration RSD,,Error,,Intensity AVG,,Intensity STD,,Intensity RSD,,Concentration AVG,,Concentration AVG,,Concentration RSD,,Error,,Intensity AVG,,Intensity STD,,Intensity RSD,,Concentration AVG,,Concentration AVG,,Concentration RSD,,Error,,Intensity AVG,,Intensity STD,,Intensity RSD,,Concentration AVG,,Concentration AVG,,Concentration RSD,,Error,,Intensity AVG,,Intensity STD,,Intensity RSD,,Concentration AVG,,Concentration AVG,,Concentration RSD,,Error,,Intensity AVG,,Intensity STD,,Intensity RSD,,Concentration AVG,,Concentration AVG,,Concentration RSD,,Error,,Intensity AVG,,Intensity STD,,Intensity RSD,,Concentration AVG,,Concentration AVG,,Concentration RSD,,Error,,Intensity AVG,,Intensity STD,,Intensity RSD,,Concentration AVG,,Concentration AVG,,Concentration RSD,,Error,,Intensity AVG,,Intensity STD,,Intensity RSD,,Concentration AVG,,Concentration AVG,,Concentration RSD,,Error,,Intensity AVG,,Intensity STD,,Intensity RSD,,Concentration AVG,,Concentration AVG,,Concentration RSD,,
,,,[cps],,[cps],,[%],,,,,,[%],,,,[cps],,[cps],,[%],,,,,,[%],,,,[cps],,[cps],,[%],,,,,,[%],,,,[cps],,[cps],,[%],,,,,,[%],,,,[cps],,[cps],,[%],,,,,,[%],,,,[cps],,[cps],,[%],,,,,,[%],,,,[cps],,[cps],,[%],,,,,,[%],,,,[cps],,[cps],,[%],,,,,,[%],,,,[cps],,[cps],,[%],,,,,,[%],,,,[cps],,[cps],,[%],,,,,,[%],,,,[cps],,[cps],,[%],,,,,,[%],,,,[cps],,[cps],,[%],,,,,,[%],,,,[cps],,[cps],,[%],,,,,,[%],,,,[cps],,[cps],,[%],,,,,,[%],,,,[cps],,[cps],,[%],,,,,,[%],,,,[cps],,[cps],,[%],,,,,,[%],,,,[cps],,[cps],,[%],,,,,,[%],,,,[cps],,[cps],,[%],,,,,,[%],,,,[cps],,[cps],,[%],,,,,,[%],,,,[cps],,[cps],,[%],,,,,,[%],,,,[cps],,[cps],,[%],,,,,,[%],,,,[cps],,[cps],,[%],,,,,,[%],,,,[cps],,[cps],,[%],,,,,,[%],,,,[cps],,[cps],,[%],,,,,,[%],,,,[cps],,[cps],,[%],,,,,,[%],,,,[cps],,[cps],,[%],,,,,,[%],,,,[cps],,[cps],,[%],,,,,,[%],,,,[cps],,[cps],,[%],,,,,,[%],,,,[cps],,[cps],,[%],,,,,,[%],,,,[cps],,[cps],,[%],,,,,,[%],,,,[cps],,[cps],,[%],,,,,,[%],,,,[cps],,[cps],,[%],,,,,,[%],,,,[cps],,[cps],,[%],,,,,,[%],,,,[cps],,[cps],,[%],,,,,,[%],,
,,,,,,,,,,,,,,,,,,,,,,,,,,,,,,,,,,,,,,,,,,,,,,,,,,,,,,,,,,,,,,,,,,,,,,,,,,,,,,,,,,,,,,,,,,,,,,,,,,,,,,,,,,,,,,,,,,,,,,,,,,,,,,,,,,,,,,,,,,,,,,,,,,,,,,,,,,,,,,,,,,,,,,,,,,,,,,,,,,,,,,,,,,,,,,,,,,,,,,,,,,,,,,,,,,,,,,,,,,,,,,,,,,,,,,,,,,,,,,,
Sc45(LR),-,,766184.0,,54817.2,,7.15,,,,,,,,-,,1053505.6,,694.7,,0.07,,,,,,,,-,,1052503.2,,39773.3,,3.78,,,,,,,,-,,1025409.6,,1441.4,,0.14,,,,,,,,-,,1239900.8,,35516.0,,2.86,,,,,,,,-,,1788796.8,,51418.5,,2.87,,,,,,,,-,,3025900.8,,8897.1,,0.29,,,,,,,,-,,414686.4,,23384.3,,5.64,,,,,,,,-,,979304.8,,20279.8,,2.07,,1621.522,ppt,1621.522,ppt,6.39,,-,,921155.2,,23668.3,,2.57,,1324.352,ppt,1324.352,ppt,9.13,,-,,885772.0,,1338.4,,0.15,,1143.528,ppt,1143.528,ppt,0.60,,-,,935524.8,,13805.0,,1.48,,1397.787,ppt,1397.787,ppt,5.05,,-,,931956.8,,26252.3,,2.82,,1379.553,ppt,1379.553,ppt,9.72,,-,,912029.6,,35001.2,,3.84,,1277.716,ppt,1277.716,ppt,14.00,,-,,829996.8,,14429.5,,1.74,,858.493,ppt,858.493,ppt,8.59,,-,,853522.4,,18401.7,,2.16,,978.719,ppt,978.719,ppt,9.61,,-,,303718.0,,29834.8,,9.82,,,,,,,,-,,925981.6,,15944.4,,1.72,,1916.114,ppt,1916.114,ppt,4.25,,-,,859298.4,,3752.8,,0.44,,1575.334,ppt,1575.334,ppt,1.22,,-,,763696.0,,142.6,,0.02,,1086.764,ppt,1086.764,ppt,0.07,,-,,1153056.0,,43670.9,,3.79,,3076.563,ppt,3076.563,ppt,7.25,,-,,982797.6,,17376.7,,1.77,,2206.469,ppt,2206.469,ppt,4.02,,-,,800411.2,,35918.8,,4.49,,1274.394,ppt,1274.394,ppt,14.40,,-,,703852.0,,6180.7,,0.88,,780.935,ppt,780.935,ppt,4.04,,-,,965243.2,,10288.7,,1.07,,2116.758,ppt,2116.758,ppt,2.48,,-,,252550.8,,23090.7,,9.14,,,,,,,,-,,687548.8,,14619.6,,2.13,,959.105,ppt,959.105,ppt,7.79,,-,,691461.6,,24346.0,,3.52,,979.101,ppt,979.101,ppt,12.71,,-,,615876.8,,11073.9,,1.80,,592.830,ppt,592.830,ppt,9.55,,-,,822376.8,,6373.0,,0.77,,1648.135,ppt,1648.135,ppt,1.98,,-,,633124.0,,8264.7,,1.31,,680.970,ppt,680.970,ppt,6.20,,-,,601550.4,,5288.0,,0.88,,519.615,ppt,519.615,ppt,5.20,,-,,602573.6,,27158.6,,4.51,,524.844,ppt,524.844,ppt,26.44,,-,,581756.8,,8922.0,,1.53,,418.461,ppt,418.461,ppt,10.90,,
Ti48(LR),-,,3087.1,,244.5,,7.92,,,,,,,,-,,47710.6,,585.5,,1.23,,,,,,,,-,,48684.4,,2978.4,,6.12,,,,,,,,-,,46744.3,,1036.7,,2.22,,,,,,,,-,,50333.7,,1306.9,,2.60,,,,,,,,-,,50015.0,,4214.4,,8.43,,,,,,,,-,,41047.3,,2029.7,,4.94,,,,,,,,-,,2398.4,,113.3,,4.72,,,,,,,,-,,59232.0,,2031.4,,3.43,,-160.983,ppt,-160.983,ppt,18.87,,-,,49786.7,,3557.5,,7.15,,-19.724,ppt,-19.724,ppt,269.73,,-,,49254.1,,2208.0,,4.48,,-11.760,ppt,-11.760,ppt,280.79,,-,,52372.2,,113.5,,0.22,,-58.392,ppt,-58.392,ppt,2.91,,-,,57426.8,,443.8,,0.77,,-133.986,ppt,-133.986,ppt,4.95,,-,,52620.8,,876.5,,1.67,,-62.110,ppt,-62.110,ppt,21.11,,-,,50356.4,,1303.7,,2.59,,-28.246,ppt,-28.246,ppt,69.03,,-,,53959.5,,1520.0,,2.82,,-82.131,ppt,-82.131,ppt,27.68,,-,,2268.2,,163.0,,7.18,,,,,,,,-,,79625.1,,2973.1,,3.73,,-467.916,ppt,-467.916,ppt,9.50,,-,,196695.2,,7596.0,,3.86,,-2218.737,ppt,-2218.737,ppt,5.12,,-,,55386.6,,1237.9,,2.24,,-105.421,ppt,-105.421,ppt,17.56,,-,,103125.1,,2584.5,,2.51,,-819.366,ppt,-819.366,ppt,4.72,,-,,108778.9,,2650.7,,2.44,,-903.920,ppt,-903.920,ppt,4.39,,-,,86964.1,,2422.7,,2.79,,-577.673,ppt,-577.673,ppt,6.27,,-,,59837.7,,45.3,,0.08,,-171.988,ppt,-171.988,ppt,0.39,,-,,73091.8,,2619.7,,3.58,,-370.208,ppt,-370.208,ppt,10.58,,-,,1982.8,,85.1,,4.29,,,,,,,,-,,71123.5,,577.2,,0.81,,-345.040,ppt,-345.040,ppt,2.50,,-,,391355.2,,9454.9,,2.42,,-5134.209,ppt,-5134.209,ppt,2.75,,-,,54615.0,,2071.5,,3.79,,-98.151,ppt,-98.151,ppt,31.56,,-,,70123.4,,1068.7,,1.52,,-330.083,ppt,-330.083,ppt,4.84,,-,,68377.7,,351.5,,0.51,,-303.977,ppt,-303.977,ppt,1.73,,-,,53775.8,,3220.8,,5.99,,-85.600,ppt,-85.600,ppt,56.27,,-,,71441.6,,911.6,,1.28,,-349.798,ppt,-349.798,ppt,3.90,,-,,53567.3,,3053.8,,5.70,,-82.483,ppt,-82.483,ppt,55.37,,
Ti49(LR),-,,1166.0,,99.6,,8.54,,,,,,,,-,,22713.8,,1091.9,,4.81,,,,,,,,-,,22683.8,,1290.6,,5.69,,,,,,,,-,,21648.4,,953.7,,4.41,,,,,,,,-,,21808.9,,1457.2,,6.68,,,,,,,,-,,18367.3,,609.6,,3.32,,,,,,,,-,,6400.8,,715.5,,11.18,,,,,,,,-,,830.8,,0.1,,0.01,,,,,,,,-,,23059.8,,1148.7,,4.98,,-1.925,ppt,-1.925,ppt,372.85,,-,,23004.6,,701.9,,3.05,,-1.580,ppt,-1.580,ppt,277.59,,-,,22864.2,,92.2,,0.40,,-0.703,ppt,-0.703,ppt,81.95,,-,,24498.7,,744.4,,3.04,,-10.916,ppt,-10.916,ppt,42.61,,-,,25055.3,,794.1,,3.17,,-14.394,ppt,-14.394,ppt,34.47,,-,,24917.6,,230.3,,0.92,,-13.533,ppt,-13.533,ppt,10.63,,-,,25073.0,,1166.6,,4.65,,-14.504,ppt,-14.504,ppt,50.26,,-,,26058.3,,687.9,,2.64,,-20.661,ppt,-20.661,ppt,20.80,,-,,923.4,,88.5,,9.59,,,,,,,,-,,30087.9,,641.9,,2.13,,-45.262,ppt,-45.262,ppt,8.86,,-,,37371.8,,670.5,,1.79,,-90.775,ppt,-90.775,ppt,4.62,,-,,26860.6,,1113.4,,4.15,,-25.096,ppt,-25.096,ppt,27.72,,-,,34160.9,,1209.8,,3.54,,-70.713,ppt,-70.713,ppt,10.69,,-,,34986.1,,297.9,,0.85,,-75.869,ppt,-75.869,ppt,2.45,,-,,31507.2,,287.2,,0.91,,-54.131,ppt,-54.131,ppt,3.32,,-,,29526.1,,358.3,,1.21,,-41.752,ppt,-41.752,ppt,5.36,,-,,33305.6,,865.5,,2.60,,-65.368,ppt,-65.368,ppt,8.27,,-,,893.5,,67.3,,7.53,,,,,,,,-,,31226.3,,762.5,,2.44,,-52.563,ppt,-52.563,ppt,9.06,,-,,48508.4,,3.5,,0.01,,-160.550,ppt,-160.550,ppt,0.01,,-,,27956.3,,1038.9,,3.72,,-32.130,ppt,-32.130,ppt,20.20,,-,,33064.8,,156.1,,0.47,,-64.050,ppt,-64.050,ppt,1.52,,-,,29212.6,,645.3,,2.21,,-39.980,ppt,-39.980,ppt,10.09,,-,,28224.7,,418.5,,1.48,,-33.806,ppt,-33.806,ppt,7.73,,-,,29844.6,,1298.0,,4.35,,-43.929,ppt,-43.929,ppt,18.46,,-,,29134.9,,1003.6,,3.44,,-39.494,ppt,-39.494,ppt,15.88,,
Y89(LR),-,,9.4,,13.3,,141.42,,,,,,,,-,,4046.4,,205.4,,5.08,,,,,,,,-,,10516.8,,513.8,,4.89,,,,,,,,-,,27785.8,,634.7,,2.28,,,,,,,,-,,82503.2,,110.3,,0.13,,,,,,,,-,,273851.4,,2020.3,,0.74,,,,,,,,-,,830892.8,,9888.2,,1.19,,,,,,,,-,,22.9,,14.7,,64.28,,,,,,,,-,,76834.0,,1002.4,,1.30,,1049.150,ppt,1049.150,ppt,1.19,,-,,27572.7,,21.2,,0.08,,435.660,ppt,435.660,ppt,0.06,,-,,16811.1,,60.3,,0.36,,301.637,ppt,301.637,ppt,0.25,,-,,106876.9,,715.2,,0.67,,1423.298,ppt,1423.298,ppt,0.63,,-,,160743.2,,2198.8,,1.37,,2094.138,ppt,2094.138,ppt,1.31,,-,,53692.4,,63.8,,0.12,,760.950,ppt,760.950,ppt,0.10,,-,,28884.1,,365.2,,1.26,,451.992,ppt,451.992,ppt,1.01,,-,,100257.2,,885.9,,0.88,,1340.858,ppt,1340.858,ppt,0.82,,-,,11.7,,4.7,,40.41,,,,,,,,-,,369590.4,,267.0,,0.07,,4695.217,ppt,4695.217,ppt,0.07,,-,,177588.2,,3090.6,,1.74,,2304.062,ppt,2304.062,ppt,1.67,,-,,90766.8,,1042.6,,1.15,,1222.806,ppt,1222.806,ppt,1.06,,-,,879924.8,,2866.9,,0.33,,11050.815,ppt,11050.815,ppt,0.32,,-,,1230064.0,,21251.7,,1.73,,15411.375,ppt,15411.375,ppt,1.72,,-,,200935.2,,1921.1,,0.96,,2594.820,ppt,2594.820,ppt,0.92,,-,,70909.7,,138.5,,0.20,,975.510,ppt,975.510,ppt,0.18,,-,,371996.8,,862.1,,0.23,,4725.186,ppt,4725.186,ppt,0.23,,-,,18.1,,13.7,,76.15,,,,,,,,-,,161323.2,,442.4,,0.27,,2101.421,ppt,2101.421,ppt,0.26,,-,,46638.7,,1682.6,,3.61,,673.164,ppt,673.164,ppt,3.11,,-,,3217.4,,308.2,,9.58,,132.405,ppt,132.405,ppt,2.90,,-,,420753.6,,2802.4,,0.67,,5332.313,ppt,5332.313,ppt,0.65,,-,,24270.7,,563.8,,2.32,,394.598,ppt,394.598,ppt,1.78,,-,,5970.0,,56.7,,0.95,,166.685,ppt,166.685,ppt,0.42,,-,,22445.7,,911.2,,4.06,,371.869,ppt,371.869,ppt,3.05,,-,,77.5,,3.5,,4.56,,93.301,ppt,93.301,ppt,0.05,,
Zr91(LR),-,,811.0,,55.5,,6.85,,,,,,,,-,,251511.5,,7304.0,,2.90,,,,,,,,-,,712490.4,,8430.9,,1.18,,,,,,,,-,,1864186.7,,37414.0,,2.01,,,,,,,,-,,5549467.3,,197754.7,,3.56,,,,,,,,-,,18726533.8,,249247.8,,1.33,,,,,,,,-,,56869458.6,,627282.6,,1.10,,,,,,,,-,,786.5,,45.9,,5.83,,,,,,,,-,,1668089.7,,8298.2,,0.50,,73767.302,ppt,73767.302,ppt,0.37,,-,,1908628.0,,75793.3,,3.97,,81772.386,ppt,81772.386,ppt,3.08,,-,,1019697.3,,8633.2,,0.85,,52188.890,ppt,52188.890,ppt,0.55,,-,,6953381.4,,61223.5,,0.88,,249661.117,ppt,249661.117,ppt,0.82,,-,,2678078.0,,18224.9,,0.68,,107379.581,ppt,107379.581,ppt,0.56,,-,,3582015.3,,42118.4,,1.18,,137462.495,ppt,137462.495,ppt,1.02,,-,,1445364.3,,55834.7,,3.86,,66355.031,ppt,66355.031,ppt,2.80,,-,,4191424.9,,24468.2,,0.58,,157743.565,ppt,157743.565,ppt,0.52,,-,,821.3,,3.9,,0.47,,,,,,,,-,,7630689.4,,56833.0,,0.74,,272200.679,ppt,272200.679,ppt,0.69,,-,,6928720.3,,88721.2,,1.28,,248839.237,ppt,248839.237,ppt,1.19,,-,,3537230.9,,3653.9,,0.10,,135970.917,ppt,135970.917,ppt,0.09,,-,,46528452.6,,111259.9,,0.24,,1566713.127,ppt,1566713.127,ppt,0.24,,-,,15632067.4,,81020.2,,0.52,,538485.485,ppt,538485.485,ppt,0.50,,-,,7642961.0,,115467.0,,1.51,,272609.074,ppt,272609.074,ppt,1.41,,-,,2814268.1,,30328.0,,1.08,,111910.808,ppt,111910.808,ppt,0.90,,-,,28022504.5,,138379.8,,0.49,,950837.605,ppt,950837.605,ppt,0.48,,-,,910.4,,3.7,,0.40,,,,,,,,-,,2032278.1,,3420.3,,0.17,,85883.319,ppt,85883.319,ppt,0.13,,-,,2587568.1,,4893.5,,0.19,,104363.298,ppt,104363.298,ppt,0.16,,-,,138552.5,,8079.7,,5.83,,22860.381,ppt,22860.381,ppt,1.18,,-,,21584691.3,,93683.6,,0.43,,736585.063,ppt,736585.063,ppt,0.42,,-,,366034.9,,15022.0,,4.10,,30430.967,ppt,30430.967,ppt,1.64,,-,,216145.6,,777.4,,0.36,,25442.668,ppt,25442.668,ppt,0.10,,-,,1103634.7,,102580.3,,9.29,,54978.191,ppt,54978.191,ppt,6.21,,-,,2533.2,,174.5,,6.89,,18333.678,ppt,18333.678,ppt,0.03,,
Zr92(LR),-,,799.3,,50.2,,6.28,,,,,,,,-,,393337.2,,9602.3,,2.44,,,,,,,,-,,1106345.7,,12290.1,,1.11,,,,,,,,-,,2898002.2,,51282.5,,1.77,,,,,,,,-,,8605040.6,,83491.5,,0.97,,,,,,,,-,,29268882.7,,578978.9,,1.98,,,,,,,,-,,89058741.6,,1484021.4,,1.67,,,,,,,,-,,957.6,,3.1,,0.32,,,,,,,,-,,2614498.2,,9666.0,,0.37,,74507.502,ppt,74507.502,ppt,0.28,,-,,3039565.7,,135905.9,,4.47,,83538.942,ppt,83538.942,ppt,3.46,,-,,1593121.5,,30415.9,,1.91,,52806.236,ppt,52806.236,ppt,1.22,,-,,10899157.6,,126133.4,,1.16,,250532.261,ppt,250532.261,ppt,1.07,,-,,4228179.8,,68561.8,,1.62,,108793.511,ppt,108793.511,ppt,1.34,,-,,5547939.3,,2616.0,,0.05,,136834.538,ppt,136834.538,ppt,0.04,,-,,2267613.4,,70376.6,,3.10,,67137.215,ppt,67137.215,ppt,2.23,,-,,6549055.5,,71966.3,,1.10,,158105.326,ppt,158105.326,ppt,0.97,,-,,890.4,,3.3,,0.37,,,,,,,,-,,11956633.9,,182839.6,,1.53,,273001.965,ppt,273001.965,ppt,1.42,,-,,10722383.6,,97858.0,,0.91,,246777.758,ppt,246777.758,ppt,0.84,,-,,5516744.7,,51499.0,,0.93,,136173.171,ppt,136173.171,ppt,0.80,,-,,72203334.4,,475257.2,,0.66,,1553067.987,ppt,1553067.987,ppt,0.65,,-,,24269174.4,,53596.7,,0.22,,534607.407,ppt,534607.407,ppt,0.21,,-,,11870151.3,,306420.1,,2.58,,271164.463,ppt,271164.463,ppt,2.40,,-,,4360117.2,,1516.5,,0.03,,111598.222,ppt,111598.222,ppt,0.03,,-,,43558546.4,,24982.4,,0.06,,944450.095,ppt,944450.095,ppt,0.06,,-,,921.7,,44.5,,4.83,,,,,,,,-,,3208896.3,,17883.5,,0.56,,87137.484,ppt,87137.484,ppt,0.44,,-,,4630073.7,,50226.5,,1.08,,117333.342,ppt,117333.342,ppt,0.91,,-,,217281.7,,9935.7,,4.57,,23574.431,ppt,23574.431,ppt,0.90,,-,,33476746.0,,358095.3,,1.07,,730240.684,ppt,730240.684,ppt,1.04,,-,,575039.0,,30014.8,,5.22,,31175.726,ppt,31175.726,ppt,2.05,,-,,336353.7,,2783.6,,0.83,,26104.361,ppt,26104.361,ppt,0.23,,-,,1726849.8,,165986.6,,9.61,,55648.333,ppt,55648.333,ppt,6.34,,-,,4904.1,,482.7,,9.84,,19062.027,ppt,19062.027,ppt,0.05,,
Nb93(LR),-,,1.1,,1.6,,141.42,,,,,,,,-,,66.8,,1.8,,2.65,,,,,,,,-,,141.5,,0.7,,0.50,,,,,,,,-,,318.8,,6.7,,2.11,,,,,,,,-,,938.5,,17.6,,1.88,,,,,,,,-,,2888.0,,2.9,,0.10,,,,,,,,-,,8528.5,,121.4,,1.42,,,,,,,,-,,2.0,,1.1,,53.64,,,,,,,,-,,567.3,,30.8,,5.42,,2.349,ppt,2.349,ppt,5.21,,-,,114.8,,13.8,,12.02,,0.548,ppt,0.548,ppt,10.02,,-,,109.3,,6.0,,5.50,,0.526,ppt,0.526,ppt,4.55,,-,,249.0,,4.9,,1.99,,1.082,ppt,1.082,ppt,1.82,,-,,678.8,,10.3,,1.51,,2.793,ppt,2.793,ppt,1.46,,-,,179.5,,5.7,,3.15,,0.806,ppt,0.806,ppt,2.80,,-,,96.5,,0.0,,0.00,,0.475,ppt,0.475,ppt,0.00,,-,,225.0,,13.4,,5.97,,0.987,ppt,0.987,ppt,5.42,,-,,1.3,,0.5,,35.36,,,,,,,,-,,3365.2,,66.6,,1.98,,13.493,ppt,13.493,ppt,1.97,,-,,1032.2,,12.0,,1.16,,4.203,ppt,4.203,ppt,1.14,,-,,687.5,,14.8,,2.16,,2.831,ppt,2.831,ppt,2.09,,-,,5435.3,,154.4,,2.84,,21.736,ppt,21.736,ppt,2.83,,-,,6800.7,,162.8,,2.39,,27.173,ppt,27.173,ppt,2.39,,-,,644.5,,50.2,,7.79,,2.660,ppt,2.660,ppt,7.52,,-,,264.5,,5.7,,2.14,,1.147,ppt,1.147,ppt,1.96,,-,,1709.5,,17.7,,1.03,,6.900,ppt,6.900,ppt,1.02,,-,,1.6,,0.7,,44.84,,,,,,,,-,,1090.5,,43.0,,3.94,,4.434,ppt,4.434,ppt,3.86,,-,,18383.0,,48.9,,0.27,,73.290,ppt,73.290,ppt,0.27,,-,,51.8,,5.3,,10.25,,0.298,ppt,0.298,ppt,7.08,,-,,2089.1,,15.6,,0.75,,8.411,ppt,8.411,ppt,0.74,,-,,191.8,,8.8,,4.61,,0.856,ppt,0.856,ppt,4.11,,-,,69.5,,4.2,,6.10,,0.369,ppt,0.369,ppt,4.58,,-,,305.0,,36.1,,11.82,,1.307,ppt,1.307,ppt,10.99,,-,,55.0,,1.4,,2.57,,0.311,ppt,0.311,ppt,1.81,,
La139(LR),-,,0.2,,0.2,,76.15,,,,,,,,-,,23.0,,0.9,,3.99,,,,,,,,-,,58.6,,1.4,,2.41,,,,,,,,-,,120.5,,3.0,,2.46,,,,,,,,-,,331.6,,5.2,,1.58,,,,,,,,-,,1122.2,,4.8,,0.43,,,,,,,,-,,3331.4,,77.6,,2.33,,,,,,,,-,,0.3,,0.1,,47.14,,,,,,,,-,,420.9,,4.7,,1.11,,4.556,ppt,4.556,ppt,1.06,,-,,153.8,,0.2,,0.14,,1.785,ppt,1.785,ppt,0.12,,-,,42.6,,7.1,,16.60,,0.631,ppt,0.631,ppt,11.64,,-,,19.0,,0.1,,0.74,,0.386,ppt,0.386,ppt,0.38,,-,,642.5,,1.3,,0.21,,6.855,ppt,6.855,ppt,0.20,,-,,63.8,,6.3,,9.86,,0.851,ppt,0.851,ppt,7.67,,-,,55.3,,1.3,,2.43,,0.763,ppt,0.763,ppt,1.83,,-,,13.0,,1.6,,12.61,,0.323,ppt,0.323,ppt,5.25,,-,,0.4,,0.5,,141.42,,,,,,,,-,,1573.2,,6.8,,0.43,,16.513,ppt,16.513,ppt,0.43,,-,,2949.6,,130.0,,4.41,,30.796,ppt,30.796,ppt,4.38,,-,,113.7,,4.2,,3.73,,1.368,ppt,1.368,ppt,3.22,,-,,567.1,,2.5,,0.44,,6.073,ppt,6.073,ppt,0.42,,-,,5431.4,,50.9,,0.94,,56.550,ppt,56.550,ppt,0.93,,-,,1117.8,,18.0,,1.61,,11.787,ppt,11.787,ppt,1.59,,-,,200.6,,4.9,,2.43,,2.270,ppt,2.270,ppt,2.23,,-,,54.3,,1.6,,2.86,,0.751,ppt,0.751,ppt,2.15,,-,,0.3,,0.1,,28.28,,,,,,,,-,,1063.8,,0.8,,0.07,,11.229,ppt,11.229,ppt,0.07,,-,,5389.8,,21.4,,0.40,,56.119,ppt,56.119,ppt,0.39,,-,,160.3,,3.4,,2.12,,1.852,ppt,1.852,ppt,1.90,,-,,28.4,,4.3,,15.21,,0.483,ppt,0.483,ppt,9.26,,-,,196.4,,1.7,,0.86,,2.227,ppt,2.227,ppt,0.79,,-,,48.8,,1.3,,2.76,,0.695,ppt,0.695,ppt,2.01,,-,,370.1,,2.8,,0.75,,4.030,ppt,4.030,ppt,0.71,,-,,90.0,,0.1,,0.08,,1.123,ppt,1.123,ppt,0.07,,
Ce140(LR),-,,0.0,,0.0,,,not def.,,,,,,,-,,97.5,,2.1,,2.18,,,,,,,,-,,236.0,,8.5,,3.60,,,,,,,,-,,597.5,,5.7,,0.96,,,,,,,,-,,1760.9,,9.3,,0.53,,,,,,,,-,,6068.6,,4.9,,0.08,,,,,,,,-,,18096.2,,281.4,,1.55,,,,,,,,-,,0.0,,0.0,,,not def.,,,,,,,-,,7563.1,,182.7,,2.42,,73.469,ppt,73.469,ppt,2.37,,-,,499.7,,0.7,,0.15,,6.219,ppt,6.219,ppt,0.11,,-,,300.0,,15.6,,5.19,,4.318,ppt,4.318,ppt,3.43,,-,,901.0,,14.2,,1.57,,10.040,ppt,10.040,ppt,1.34,,-,,14701.4,,188.6,,1.28,,141.432,ppt,141.432,ppt,1.27,,-,,497.1,,4.2,,0.85,,6.195,ppt,6.195,ppt,0.65,,-,,273.5,,16.3,,5.95,,4.066,ppt,4.066,ppt,3.81,,-,,595.9,,5.0,,0.84,,7.136,ppt,7.136,ppt,0.67,,-,,0.0,,0.0,,,not def.,,,,,,,-,,108969.9,,285.2,,0.26,,1038.950,ppt,1038.950,ppt,0.26,,-,,6310.5,,18.3,,0.29,,61.544,ppt,61.544,ppt,0.28,,-,,2206.7,,30.5,,1.38,,22.471,ppt,22.471,ppt,1.29,,-,,15990.5,,303.3,,1.90,,153.705,ppt,153.705,ppt,1.88,,-,,306550.4,,2578.4,,0.84,,2920.087,ppt,2920.087,ppt,0.84,,-,,5006.6,,145.2,,2.90,,49.130,ppt,49.130,ppt,2.81,,-,,1463.3,,19.2,,1.31,,15.394,ppt,15.394,ppt,1.19,,-,,6421.9,,25.5,,0.40,,62.604,ppt,62.604,ppt,0.39,,-,,0.0,,0.0,,,not def.,,,,,,,-,,52823.1,,340.0,,0.64,,504.384,ppt,504.384,ppt,0.64,,-,,10614.8,,172.2,,1.62,,102.524,ppt,102.524,ppt,1.60,,-,,350.5,,16.3,,4.64,,4.799,ppt,4.799,ppt,3.23,,-,,11507.7,,176.6,,1.53,,111.025,ppt,111.025,ppt,1.51,,-,,5744.0,,6.5,,0.11,,56.150,ppt,56.150,ppt,0.11,,-,,231.0,,2.8,,1.22,,3.661,ppt,3.661,ppt,0.74,,-,,1422.9,,32.5,,2.28,,15.009,ppt,15.009,ppt,2.06,,-,,91.0,,0.0,,0.00,,2.328,ppt,2.328,ppt,0.00,,
Pr141(LR),-,,0.7,,1.0,,141.42,,,,,,,,-,,20.6,,2.3,,11.05,,,,,,,,-,,57.5,,3.5,,6.15,,,,,,,,-,,152.5,,7.8,,5.10,,,,,,,,-,,435.6,,6.4,,1.48,,,,,,,,-,,1511.5,,16.3,,1.08,,,,,,,,-,,4444.1,,144.4,,3.25,,,,,,,,-,,0.0,,0.0,,,not def.,,,,,,,-,,823.0,,4.2,,0.51,,6.645,ppt,6.645,ppt,0.49,,-,,162.0,,2.8,,1.75,,1.522,ppt,1.522,ppt,1.44,,-,,211.7,,71.7,,33.87,,1.907,ppt,1.907,ppt,29.14,,-,,142.1,,1.3,,0.94,,1.367,ppt,1.367,ppt,0.76,,-,,1461.9,,93.5,,6.39,,11.598,ppt,11.598,ppt,6.25,,-,,202.0,,8.5,,4.20,,1.832,ppt,1.832,ppt,3.59,,-,,150.5,,16.3,,10.81,,1.432,ppt,1.432,ppt,8.80,,-,,125.5,,30.4,,24.23,,1.239,ppt,1.239,ppt,19.03,,-,,0.0,,0.0,,,not def.,,,,,,,-,,4304.3,,14.8,,0.34,,33.630,ppt,33.630,ppt,0.34,,-,,1245.1,,3.6,,0.29,,9.917,ppt,9.917,ppt,0.28,,-,,364.5,,17.7,,4.85,,3.091,ppt,3.091,ppt,4.43,,-,,455.6,,56.0,,12.29,,3.797,ppt,3.797,ppt,11.42,,-,,12689.3,,100.0,,0.79,,98.626,ppt,98.626,ppt,0.79,,-,,2028.8,,24.1,,1.19,,15.992,ppt,15.992,ppt,1.17,,-,,582.9,,47.4,,8.13,,4.784,ppt,4.784,ppt,7.68,,-,,284.5,,6.4,,2.24,,2.471,ppt,2.471,ppt,2.00,,-,,1.1,,1.6,,141.42,,,,,,,,-,,2333.9,,34.7,,1.49,,18.348,ppt,18.348,ppt,1.47,,-,,1045.2,,11.3,,1.08,,8.359,ppt,8.359,ppt,1.05,,-,,168.5,,21.9,,13.01,,1.563,ppt,1.563,ppt,10.87,,-,,194.0,,22.6,,11.66,,1.761,ppt,1.761,ppt,9.96,,-,,538.7,,23.4,,4.35,,4.433,ppt,4.433,ppt,4.10,,-,,146.9,,29.5,,20.11,,1.396,ppt,1.396,ppt,16.40,,-,,256.5,,2.1,,0.83,,2.246,ppt,2.246,ppt,0.73,,-,,27.5,,7.8,,28.28,,0.470,ppt,0.470,ppt,12.82,,
Nd146(LR),-,,0.6,,0.9,,141.42,,,,,,,,-,,14.9,,8.6,,57.30,,,,,,,,-,,38.2,,8.8,,23.02,,,,,,,,-,,88.0,,4.2,,4.82,,,,,,,,-,,243.5,,20.5,,8.42,,,,,,,,-,,627.0,,17.6,,2.80,,,,,,,,-,,1624.6,,5.0,,0.31,,,,,,,,-,,1.1,,1.6,,141.42,,,,,,,,-,,952.5,,33.3,,3.49,,39.675,ppt,39.675,ppt,3.61,,-,,163.0,,4.2,,2.60,,5.727,ppt,5.727,ppt,3.19,,-,,161.9,,22.5,,13.90,,5.680,ppt,5.680,ppt,17.04,,-,,204.5,,16.3,,7.95,,7.511,ppt,7.511,ppt,9.31,,-,,1739.3,,17.0,,0.98,,73.502,ppt,73.502,ppt,0.99,,-,,242.5,,41.8,,17.22,,9.146,ppt,9.146,ppt,19.63,,-,,161.0,,5.7,,3.51,,5.641,ppt,5.641,ppt,4.31,,-,,200.5,,10.6,,5.29,,7.339,ppt,7.339,ppt,6.21,,-,,0.0,,0.0,,,not def.,,,,,,,-,,4879.4,,26.2,,0.54,,208.570,ppt,208.570,ppt,0.54,,-,,1416.4,,44.6,,3.15,,59.668,ppt,59.668,ppt,3.22,,-,,413.6,,29.0,,7.01,,16.548,ppt,16.548,ppt,7.53,,-,,696.3,,3.6,,0.52,,28.704,ppt,28.704,ppt,0.55,,-,,15431.7,,97.0,,0.63,,662.289,ppt,662.289,ppt,0.63,,-,,2362.4,,15.6,,0.66,,100.344,ppt,100.344,ppt,0.67,,-,,679.2,,7.8,,1.15,,27.969,ppt,27.969,ppt,1.20,,-,,441.6,,12.1,,2.74,,17.754,ppt,17.754,ppt,2.93,,-,,0.0,,0.0,,,not def.,,,,,,,-,,2703.0,,22.7,,0.84,,114.990,ppt,114.990,ppt,0.85,,-,,958.5,,20.5,,2.14,,39.980,ppt,39.980,ppt,2.21,,-,,153.5,,19.1,,12.44,,5.366,ppt,5.366,ppt,15.30,,-,,348.0,,17.0,,4.89,,13.730,ppt,13.730,ppt,5.33,,-,,605.0,,24.8,,4.10,,24.778,ppt,24.778,ppt,4.31,,-,,156.5,,3.5,,2.26,,5.495,ppt,5.495,ppt,2.77,,-,,237.0,,4.2,,1.79,,8.957,ppt,8.957,ppt,2.04,,-,,95.0,,5.7,,5.95,,2.851,ppt,2.851,ppt,8.53,,
Sm152(LR),-,,1.2,,1.7,,141.42,,,,,,,,-,,18.6,,3.0,,16.14,,,,,,,,-,,58.1,,24.9,,42.81,,,,,,,,-,,138.9,,1.2,,0.84,,,,,,,,-,,443.6,,28.2,,6.37,,,,,,,,-,,1366.8,,66.0,,4.83,,,,,,,,-,,3965.4,,29.6,,0.75,,,,,,,,-,,0.9,,1.3,,141.42,,,,,,,,-,,1046.2,,0.1,,0.01,,27.699,ppt,27.699,ppt,0.01,,-,,60.5,,10.6,,17.52,,1.944,ppt,1.944,ppt,14.26,,-,,33.3,,7.4,,22.31,,1.232,ppt,1.232,ppt,15.76,,-,,236.6,,9.5,,4.04,,6.543,ppt,6.543,ppt,3.81,,-,,2098.8,,13.0,,0.62,,55.202,ppt,55.202,ppt,0.62,,-,,163.4,,8.9,,5.45,,4.631,ppt,4.631,ppt,5.02,,-,,73.3,,21.6,,29.43,,2.277,ppt,2.277,ppt,24.75,,-,,251.6,,7.0,,2.80,,6.935,ppt,6.935,ppt,2.65,,-,,0.0,,0.0,,,not def.,,,,,,,-,,4944.7,,94.5,,1.91,,129.587,ppt,129.587,ppt,1.91,,-,,1069.6,,23.6,,2.21,,28.333,ppt,28.333,ppt,2.18,,-,,328.3,,11.8,,3.61,,8.965,ppt,8.965,ppt,3.45,,-,,1279.1,,1.2,,0.09,,33.807,ppt,33.807,ppt,0.09,,-,,17506.9,,49.6,,0.28,,457.833,ppt,457.833,ppt,0.28,,-,,2363.4,,26.0,,1.10,,62.141,ppt,62.141,ppt,1.09,,-,,555.3,,21.2,,3.82,,14.895,ppt,14.895,ppt,3.72,,-,,560.3,,18.8,,3.36,,15.027,ppt,15.027,ppt,3.27,,-,,0.0,,0.0,,,not def.,,,,,,,-,,2849.3,,94.5,,3.32,,74.838,ppt,74.838,ppt,3.30,,-,,356.8,,7.1,,1.98,,9.707,ppt,9.707,ppt,1.90,,-,,16.5,,10.4,,62.99,,0.818,ppt,0.818,ppt,33.27,,-,,503.6,,37.7,,7.48,,13.545,ppt,13.545,ppt,7.26,,-,,397.7,,41.3,,10.39,,10.778,ppt,10.778,ppt,10.02,,-,,17.9,,9.7,,54.39,,0.853,ppt,0.853,ppt,29.79,,-,,59.6,,4.7,,7.89,,1.944,ppt,1.944,ppt,6.32,,-,,0.0,,0.0,,,not def.,0.386,ppt,0.386,ppt,0.00,,
Eu151(LR),-,,0.8,,1.2,,141.42,,,,,,,,-,,38.0,,2.8,,7.44,,,,,,,,-,,94.0,,1.4,,1.50,,,,,,,,-,,233.0,,21.2,,9.10,,,,,,,,-,,731.7,,59.5,,8.13,,,,,,,,-,,2082.5,,30.4,,1.46,,,,,,,,-,,5089.8,,0.8,,0.02,,,,,,,,-,,0.6,,0.9,,141.42,,,,,,,,-,,721.9,,38.3,,5.31,,8.709,ppt,8.709,ppt,5.98,,-,,381.5,,57.3,,15.01,,4.080,ppt,4.080,ppt,19.09,,-,,284.5,,3.5,,1.24,,2.761,ppt,2.761,ppt,1.74,,-,,693.1,,121.1,,17.47,,8.318,ppt,8.318,ppt,19.80,,-,,1282.1,,9.3,,0.73,,16.328,ppt,16.328,ppt,0.77,,-,,622.1,,13.7,,2.20,,7.352,ppt,7.352,ppt,2.53,,-,,440.1,,12.8,,2.90,,4.877,ppt,4.877,ppt,3.56,,-,,633.5,,21.3,,3.36,,7.508,ppt,7.508,ppt,3.86,,-,,1.1,,1.6,,141.42,,,,,,,,-,,2620.3,,7.7,,0.30,,34.520,ppt,34.520,ppt,0.31,,-,,1361.3,,29.0,,2.13,,17.399,ppt,17.399,ppt,2.27,,-,,792.0,,28.3,,3.57,,9.656,ppt,9.656,ppt,3.98,,-,,3540.4,,358.4,,10.12,,47.033,ppt,47.033,ppt,10.36,,-,,8710.3,,114.8,,1.32,,117.341,ppt,117.341,ppt,1.33,,-,,2312.9,,55.9,,2.42,,30.339,ppt,30.339,ppt,2.51,,-,,1173.4,,22.7,,1.93,,14.843,ppt,14.843,ppt,2.08,,-,,3092.6,,145.9,,4.72,,40.944,ppt,40.944,ppt,4.85,,-,,0.0,,0.0,,,not def.,,,,,,,-,,1811.0,,19.2,,1.06,,23.529,ppt,23.529,ppt,1.11,,-,,775.9,,44.0,,5.67,,9.452,ppt,9.452,ppt,6.33,,-,,400.5,,2.1,,0.52,,4.347,ppt,4.347,ppt,0.65,,-,,2157.0,,36.9,,1.71,,28.235,ppt,28.235,ppt,1.78,,-,,861.5,,16.3,,1.90,,10.616,ppt,10.616,ppt,2.09,,-,,509.1,,5.7,,1.11,,5.825,ppt,5.825,ppt,1.32,,-,,466.6,,5.0,,1.07,,5.246,ppt,5.246,ppt,1.29,,-,,340.5,,19.1,,5.61,,3.531,ppt,3.531,ppt,7.35,,
Gd158(LR),-,,4.9,,1.8,,36.18,,,,,,,,-,,43.8,,3.5,,7.90,,,,,,,,-,,121.0,,3.9,,3.21,,,,,,,,-,,264.1,,8.4,,3.17,,,,,,,,-,,729.8,,95.6,,13.09,,,,,,,,-,,2272.5,,53.1,,2.34,,,,,,,,-,,6629.5,,188.9,,2.85,,,,,,,,-,,1.2,,1.7,,141.42,,,,,,,,-,,2255.8,,8.3,,0.37,,59.305,ppt,59.305,ppt,0.36,,-,,310.9,,24.8,,7.98,,8.484,ppt,8.484,ppt,7.64,,-,,215.7,,1.2,,0.54,,5.999,ppt,5.999,ppt,0.51,,-,,1193.1,,37.8,,3.16,,31.537,ppt,31.537,ppt,3.13,,-,,4559.9,,95.6,,2.10,,119.509,ppt,119.509,ppt,2.09,,-,,721.5,,31.8,,4.41,,19.213,ppt,19.213,ppt,4.33,,-,,344.4,,37.0,,10.73,,9.362,ppt,9.362,ppt,10.31,,-,,1206.5,,47.3,,3.92,,31.886,ppt,31.886,ppt,3.88,,-,,0.0,,0.0,,,not def.,,,,,,,-,,9793.5,,29.5,,0.30,,256.292,ppt,256.292,ppt,0.30,,-,,2667.3,,56.7,,2.12,,70.089,ppt,70.089,ppt,2.11,,-,,998.7,,55.5,,5.56,,26.487,ppt,26.487,ppt,5.48,,-,,6735.6,,367.2,,5.45,,176.392,ppt,176.392,ppt,5.44,,-,,34987.7,,167.9,,0.48,,914.605,ppt,914.605,ppt,0.48,,-,,4797.8,,23.5,,0.49,,125.756,ppt,125.756,ppt,0.49,,-,,1214.8,,26.0,,2.14,,32.136,ppt,32.136,ppt,2.11,,-,,2995.4,,29.6,,0.99,,78.660,ppt,78.660,ppt,0.98,,-,,0.0,,0.0,,,not def.,,,,,,,-,,5087.5,,38.9,,0.77,,133.326,ppt,133.326,ppt,0.76,,-,,611.3,,41.3,,6.75,,16.365,ppt,16.365,ppt,6.59,,-,,47.2,,17.6,,37.21,,1.627,ppt,1.627,ppt,28.23,,-,,3206.5,,113.3,,3.53,,84.178,ppt,84.178,ppt,3.52,,-,,725.6,,16.5,,2.27,,19.352,ppt,19.352,ppt,2.22,,-,,66.3,,2.5,,3.73,,2.125,ppt,2.125,ppt,3.04,,-,,181.4,,11.8,,6.51,,5.134,ppt,5.134,ppt,6.01,,-,,4.6,,1.3,,28.28,,0.512,ppt,0.512,ppt,6.61,,
Tb159(LR),-,,0.0,,0.0,,,not def.,,,,,,,-,,163.9,,15.3,,9.36,,,,,,,,-,,414.3,,24.8,,5.98,,,,,,,,-,,1118.8,,48.4,,4.33,,,,,,,,-,,3391.0,,147.7,,4.36,,,,,,,,-,,10757.1,,161.7,,1.50,,,,,,,,-,,31348.4,,601.8,,1.92,,,,,,,,-,,0.0,,0.0,,,not def.,,,,,,,-,,2510.3,,40.3,,1.61,,14.595,ppt,14.595,ppt,1.52,,-,,437.8,,5.9,,1.34,,3.184,ppt,3.184,ppt,1.01,,-,,266.6,,61.4,,23.03,,2.242,ppt,2.242,ppt,15.08,,-,,1555.3,,51.8,,3.33,,9.337,ppt,9.337,ppt,3.06,,-,,5185.1,,118.1,,2.28,,29.321,ppt,29.321,ppt,2.22,,-,,911.8,,34.2,,3.75,,5.794,ppt,5.794,ppt,3.25,,-,,405.9,,24.9,,6.12,,3.009,ppt,3.009,ppt,4.55,,-,,1582.1,,51.9,,3.28,,9.484,ppt,9.484,ppt,3.01,,-,,0.0,,0.0,,,not def.,,,,,,,-,,11116.3,,24.9,,0.22,,61.975,ppt,61.975,ppt,0.22,,-,,3551.4,,95.5,,2.69,,20.326,ppt,20.326,ppt,2.59,,-,,1410.2,,21.3,,1.51,,8.538,ppt,8.538,ppt,1.37,,-,,10616.0,,51.9,,0.49,,59.221,ppt,59.221,ppt,0.48,,-,,39786.8,,244.9,,0.62,,219.822,ppt,219.822,ppt,0.61,,-,,5434.8,,121.6,,2.24,,30.696,ppt,30.696,ppt,2.18,,-,,1573.7,,14.1,,0.89,,9.438,ppt,9.438,ppt,0.82,,-,,4535.6,,87.3,,1.93,,25.745,ppt,25.745,ppt,1.87,,-,,0.0,,0.0,,,not def.,,,,,,,-,,5693.5,,57.8,,1.01,,32.120,ppt,32.120,ppt,0.99,,-,,690.6,,47.3,,6.85,,4.576,ppt,4.576,ppt,5.69,,-,,45.6,,8.3,,18.30,,1.025,ppt,1.025,ppt,4.48,,-,,4933.9,,8.2,,0.17,,27.938,ppt,27.938,ppt,0.16,,-,,729.9,,13.0,,1.79,,4.792,ppt,4.792,ppt,1.50,,-,,76.9,,0.8,,1.05,,1.197,ppt,1.197,ppt,0.37,,-,,249.0,,15.3,,6.16,,2.145,ppt,2.145,ppt,3.94,,-,,2.1,,2.9,,141.42,,0.785,ppt,0.785,ppt,2.04,,
Dy163(LR),-,,0.0,,0.0,,,not def.,,,,,,,-,,88.8,,15.9,,17.93,,,,,,,,-,,252.5,,53.0,,21.00,,,,,,,,-,,699.4,,97.4,,13.92,,,,,,,,-,,2105.5,,138.1,,6.56,,,,,,,,-,,6745.2,,47.9,,0.71,,,,,,,,-,,20085.4,,37.3,,0.19,,,,,,,,-,,0.0,,0.0,,,not def.,,,,,,,-,,5452.8,,83.2,,1.53,,95.998,ppt,95.998,ppt,1.49,,-,,1173.9,,81.5,,6.95,,22.490,ppt,22.490,ppt,6.23,,-,,824.5,,58.4,,7.09,,16.488,ppt,16.488,ppt,6.09,,-,,4971.9,,221.4,,4.45,,87.737,ppt,87.737,ppt,4.34,,-,,11094.0,,47.8,,0.43,,192.912,ppt,192.912,ppt,0.43,,-,,2620.0,,1.8,,0.07,,47.333,ppt,47.333,ppt,0.07,,-,,1405.6,,12.4,,0.89,,26.469,ppt,26.469,ppt,0.81,,-,,4960.6,,85.0,,1.71,,87.543,ppt,87.543,ppt,1.67,,-,,0.0,,0.0,,,not def.,,,,,,,-,,25397.6,,214.5,,0.84,,438.639,ppt,438.639,ppt,0.84,,-,,9074.8,,33.6,,0.37,,158.223,ppt,158.223,ppt,0.37,,-,,4211.7,,53.2,,1.26,,74.677,ppt,74.677,ppt,1.22,,-,,37408.1,,165.0,,0.44,,644.972,ppt,644.972,ppt,0.44,,-,,89152.9,,940.6,,1.06,,1533.917,ppt,1533.917,ppt,1.05,,-,,13225.1,,184.3,,1.39,,229.522,ppt,229.522,ppt,1.38,,-,,3957.4,,47.7,,1.21,,70.310,ppt,70.310,ppt,1.17,,-,,16093.0,,58.5,,0.36,,278.791,ppt,278.791,ppt,0.36,,-,,0.0,,0.0,,,not def.,,,,,,,-,,12695.0,,108.0,,0.85,,220.416,ppt,220.416,ppt,0.84,,-,,2224.5,,26.6,,1.19,,40.538,ppt,40.538,ppt,1.13,,-,,126.3,,1.8,,1.40,,4.492,ppt,4.492,ppt,0.68,,-,,17938.8,,117.2,,0.65,,310.500,ppt,310.500,ppt,0.65,,-,,1638.4,,76.1,,4.65,,30.470,ppt,30.470,ppt,4.29,,-,,300.0,,14.1,,4.71,,7.477,ppt,7.477,ppt,3.25,,-,,1008.6,,7.0,,0.69,,19.649,ppt,19.649,ppt,0.61,,-,,5.2,,1.5,,28.28,,2.412,ppt,2.412,ppt,1.05,,
Ho165(LR),-,,0.0,,0.0,,,not def.,,,,,,,-,,421.4,,61.9,,14.70,,,,,,,,-,,1234.0,,35.4,,2.87,,,,,,,,-,,3240.0,,85.0,,2.62,,,,,,,,-,,9280.3,,69.1,,0.74,,,,,,,,-,,30776.2,,207.5,,0.67,,,,,,,,-,,90194.3,,1648.8,,1.83,,,,,,,,-,,0.0,,0.0,,,not def.,,,,,,,-,,5742.0,,212.6,,3.70,,23.973,ppt,23.973,ppt,3.39,,-,,1948.9,,58.5,,3.00,,9.468,ppt,9.468,ppt,2.36,,-,,1148.8,,10.5,,0.92,,6.408,ppt,6.408,ppt,0.63,,-,,7168.6,,12.3,,0.17,,29.429,ppt,29.429,ppt,0.16,,-,,11566.3,,343.7,,2.97,,46.247,ppt,46.247,ppt,2.84,,-,,3821.0,,31.8,,0.83,,16.627,ppt,16.627,ppt,0.73,,-,,2060.5,,56.7,,2.75,,9.894,ppt,9.894,ppt,2.19,,-,,7293.8,,125.7,,1.72,,29.908,ppt,29.908,ppt,1.61,,-,,0.0,,0.0,,,not def.,,,,,,,-,,26070.7,,180.8,,0.69,,101.715,ppt,101.715,ppt,0.68,,-,,12609.9,,593.5,,4.71,,50.238,ppt,50.238,ppt,4.52,,-,,6240.4,,184.2,,2.95,,25.879,ppt,25.879,ppt,2.72,,-,,60498.9,,971.4,,1.61,,233.378,ppt,233.378,ppt,1.59,,-,,89506.3,,323.7,,0.36,,344.309,ppt,344.309,ppt,0.36,,-,,14644.6,,8.9,,0.06,,58.019,ppt,58.019,ppt,0.06,,-,,5227.3,,203.8,,3.90,,22.005,ppt,22.005,ppt,3.54,,-,,25752.3,,142.0,,0.55,,100.498,ppt,100.498,ppt,0.54,,-,,0.0,,0.0,,,not def.,,,,,,,-,,12252.9,,329.6,,2.69,,48.873,ppt,48.873,ppt,2.58,,-,,3209.9,,138.2,,4.30,,14.290,ppt,14.290,ppt,3.70,,-,,245.0,,31.8,,12.99,,2.952,ppt,2.952,ppt,4.12,,-,,28911.7,,478.8,,1.66,,112.580,ppt,112.580,ppt,1.63,,-,,1794.9,,42.7,,2.38,,8.879,ppt,8.879,ppt,1.84,,-,,497.2,,24.0,,4.83,,3.916,ppt,3.916,ppt,2.35,,-,,1552.1,,0.1,,0.01,,7.950,ppt,7.950,ppt,0.01,,-,,20.1,,10.8,,53.64,,2.092,ppt,2.092,ppt,1.98,,
Er166(LR),-,,0.0,,0.0,,,not def.,,,,,,,-,,438.9,,19.5,,4.44,,,,,,,,-,,1354.2,,21.2,,1.57,,,,,,,,-,,3194.9,,134.6,,4.21,,,,,,,,-,,10043.0,,194.9,,1.94,,,,,,,,-,,33398.3,,351.2,,1.05,,,,,,,,-,,98182.4,,1122.6,,1.14,,,,,,,,-,,0.0,,0.0,,,not def.,,,,,,,-,,6910.5,,9.0,,0.13,,79.941,ppt,79.941,ppt,0.12,,-,,2993.3,,224.9,,7.51,,38.696,ppt,38.696,ppt,6.12,,-,,1812.5,,67.3,,3.71,,26.263,ppt,26.263,ppt,2.70,,-,,11307.0,,264.0,,2.33,,126.233,ppt,126.233,ppt,2.20,,-,,14218.5,,132.8,,0.93,,156.889,ppt,156.889,ppt,0.89,,-,,5606.7,,63.8,,1.14,,66.213,ppt,66.213,ppt,1.01,,-,,3050.8,,132.7,,4.35,,39.302,ppt,39.302,ppt,3.56,,-,,10892.4,,219.5,,2.02,,121.867,ppt,121.867,ppt,1.90,,-,,2.8,,3.9,,141.42,,,,,,,,-,,34691.3,,306.9,,0.88,,372.423,ppt,372.423,ppt,0.87,,-,,19450.1,,109.9,,0.56,,211.944,ppt,211.944,ppt,0.55,,-,,10224.7,,115.2,,1.13,,114.808,ppt,114.808,ppt,1.06,,-,,102235.2,,67.6,,0.07,,1083.608,ppt,1083.608,ppt,0.07,,-,,109116.1,,1404.5,,1.29,,1156.059,ppt,1156.059,ppt,1.28,,-,,20719.7,,473.4,,2.28,,225.312,ppt,225.312,ppt,2.21,,-,,7749.7,,359.5,,4.64,,88.747,ppt,88.747,ppt,4.26,,-,,43505.1,,140.1,,0.32,,465.225,ppt,465.225,ppt,0.32,,-,,0.0,,0.0,,,not def.,,,,,,,-,,15725.9,,148.9,,0.95,,172.760,ppt,172.760,ppt,0.91,,-,,5338.8,,102.8,,1.93,,63.392,ppt,63.392,ppt,1.71,,-,,392.0,,31.1,,7.93,,11.306,ppt,11.306,ppt,2.89,,-,,48549.8,,5.4,,0.01,,518.371,ppt,518.371,ppt,0.01,,-,,2229.3,,111.5,,5.00,,30.652,ppt,30.652,ppt,3.83,,-,,745.8,,60.2,,8.07,,15.031,ppt,15.031,ppt,4.22,,-,,2606.3,,155.8,,5.98,,34.621,ppt,34.621,ppt,4.74,,-,,13.1,,6.7,,51.43,,7.316,ppt,7.316,ppt,0.97,,
Tm169(LR),-,,0.0,,0.0,,,not def.,,,,,,,-,,1534.4,,109.8,,7.16,,,,,,,,-,,4244.2,,7.2,,0.17,,,,,,,,-,,11411.0,,141.8,,1.24,,,,,,,,-,,33329.4,,342.3,,1.03,,,,,,,,-,,110885.0,,901.1,,0.81,,,,,,,,-,,326170.0,,8584.3,,2.63,,,,,,,,-,,0.0,,0.0,,,not def.,,,,,,,-,,4032.6,,72.5,,1.80,,19.553,ppt,19.553,ppt,1.18,,-,,1922.7,,88.5,,4.60,,12.863,ppt,12.863,ppt,2.18,,-,,1142.6,,65.5,,5.74,,10.389,ppt,10.389,ppt,2.00,,-,,7199.9,,212.6,,2.95,,29.597,ppt,29.597,ppt,2.28,,-,,8616.5,,132.8,,1.54,,34.090,ppt,34.090,ppt,1.24,,-,,3733.3,,166.6,,4.46,,18.604,ppt,18.604,ppt,2.84,,-,,2045.4,,31.9,,1.56,,13.252,ppt,13.252,ppt,0.76,,-,,6807.9,,104.6,,1.54,,28.354,ppt,28.354,ppt,1.17,,-,,0.0,,0.0,,,not def.,,,,,,,-,,21845.1,,349.2,,1.60,,76.040,ppt,76.040,ppt,1.46,,-,,12221.5,,26.6,,0.22,,45.522,ppt,45.522,ppt,0.18,,-,,6543.5,,10.6,,0.16,,27.516,ppt,27.516,ppt,0.12,,-,,66090.8,,230.6,,0.35,,216.352,ppt,216.352,ppt,0.34,,-,,65326.2,,310.7,,0.48,,213.927,ppt,213.927,ppt,0.46,,-,,12470.7,,7.0,,0.06,,46.312,ppt,46.312,ppt,0.05,,-,,4842.8,,60.2,,1.24,,22.123,ppt,22.123,ppt,0.86,,-,,28667.2,,19.6,,0.07,,97.674,ppt,97.674,ppt,0.06,,-,,0.0,,0.0,,,not def.,,,,,,,-,,9389.2,,322.4,,3.43,,36.540,ppt,36.540,ppt,2.80,,-,,3848.5,,24.7,,0.64,,18.970,ppt,18.970,ppt,0.41,,-,,286.3,,30.1,,10.51,,7.673,ppt,7.673,ppt,1.24,,-,,31805.6,,14.3,,0.04,,107.627,ppt,107.627,ppt,0.04,,-,,1479.4,,21.2,,1.44,,11.457,ppt,11.457,ppt,0.59,,-,,466.4,,44.4,,9.51,,8.244,ppt,8.244,ppt,1.71,,-,,1863.9,,44.3,,2.38,,12.676,ppt,12.676,ppt,1.11,,-,,56.9,,9.8,,17.25,,6.946,ppt,6.946,ppt,0.45,,
Yb172(LR),-,,2.1,,2.9,,141.42,,,,,,,,-,,423.9,,19.4,,4.57,,,,,,,,-,,999.9,,139.9,,13.99,,,,,,,,-,,2770.4,,136.4,,4.92,,,,,,,,-,,7811.1,,21.3,,0.27,,,,,,,,-,,26087.0,,207.4,,0.80,,,,,,,,-,,75186.1,,1505.7,,2.00,,,,,,,,-,,0.0,,0.0,,,not def.,,,,,,,-,,7508.0,,155.9,,2.08,,108.008,ppt,108.008,ppt,1.99,,-,,3663.1,,113.4,,3.10,,55.099,ppt,55.099,ppt,2.83,,-,,2185.7,,3.4,,0.16,,34.768,ppt,34.768,ppt,0.14,,-,,13837.7,,256.9,,1.86,,195.109,ppt,195.109,ppt,1.81,,-,,15654.4,,37.2,,0.24,,220.109,ppt,220.109,ppt,0.23,,-,,7373.9,,90.4,,1.23,,106.162,ppt,106.162,ppt,1.17,,-,,3844.8,,8.8,,0.23,,57.599,ppt,57.599,ppt,0.21,,-,,12834.2,,361.4,,2.82,,181.300,ppt,181.300,ppt,2.74,,-,,2.5,,3.5,,141.42,,,,,,,,-,,42108.8,,482.7,,1.15,,584.109,ppt,584.109,ppt,1.14,,-,,23193.8,,728.7,,3.14,,323.822,ppt,323.822,ppt,3.10,,-,,12561.1,,124.1,,0.99,,177.508,ppt,177.508,ppt,0.96,,-,,127781.7,,1524.7,,1.19,,1763.039,ppt,1763.039,ppt,1.19,,-,,122576.4,,862.1,,0.70,,1691.410,ppt,1691.410,ppt,0.70,,-,,23292.8,,372.4,,1.60,,325.186,ppt,325.186,ppt,1.58,,-,,9078.7,,53.0,,0.58,,129.588,ppt,129.588,ppt,0.56,,-,,55726.1,,436.7,,0.78,,771.495,ppt,771.495,ppt,0.78,,-,,0.0,,0.0,,,not def.,,,,,,,-,,18049.0,,95.6,,0.53,,253.061,ppt,253.061,ppt,0.52,,-,,7640.8,,138.2,,1.81,,109.834,ppt,109.834,ppt,1.73,,-,,437.6,,14.3,,3.26,,10.714,ppt,10.714,ppt,1.83,,-,,62892.5,,118.8,,0.19,,870.145,ppt,870.145,ppt,0.19,,-,,2519.9,,104.5,,4.15,,39.368,ppt,39.368,ppt,3.65,,-,,828.3,,35.4,,4.28,,16.090,ppt,16.090,ppt,3.03,,-,,3626.9,,161.2,,4.44,,54.600,ppt,54.600,ppt,4.06,,-,,2.8,,0.0,,0.00,,4.730,ppt,4.730,ppt,0.00,,
Yb173(LR),-,,0.0,,0.0,,,not def.,,,,,,,-,,278.8,,8.8,,3.16,,,,,,,,-,,709.3,,79.7,,11.23,,,,,,,,-,,1966.4,,214.1,,10.89,,,,,,,,-,,5843.4,,129.3,,2.21,,,,,,,,-,,19366.1,,30.2,,0.16,,,,,,,,-,,56473.1,,459.9,,0.81,,,,,,,,-,,0.0,,0.0,,,not def.,,,,,,,-,,5808.4,,129.2,,2.22,,112.527,ppt,112.527,ppt,2.10,,-,,2756.6,,81.4,,2.95,,56.647,ppt,56.647,ppt,2.63,,-,,1646.0,,40.7,,2.47,,36.311,ppt,36.311,ppt,2.05,,-,,10366.4,,294.0,,2.84,,195.985,ppt,195.985,ppt,2.75,,-,,11617.7,,150.4,,1.29,,218.898,ppt,218.898,ppt,1.26,,-,,5110.9,,92.1,,1.80,,99.755,ppt,99.755,ppt,1.69,,-,,2911.9,,63.7,,2.19,,59.492,ppt,59.492,ppt,1.96,,-,,9456.9,,92.0,,0.97,,179.333,ppt,179.333,ppt,0.94,,-,,0.0,,0.0,,,not def.,,,,,,,-,,31820.7,,0.1,,0.00,,588.823,ppt,588.823,ppt,0.00,,-,,17836.0,,301.3,,1.69,,332.756,ppt,332.756,ppt,1.66,,-,,9379.3,,124.0,,1.32,,177.913,ppt,177.913,ppt,1.28,,-,,95077.0,,464.4,,0.49,,1747.070,ppt,1747.070,ppt,0.49,,-,,90998.2,,227.7,,0.25,,1672.386,ppt,1672.386,ppt,0.25,,-,,16901.2,,63.9,,0.38,,315.640,ppt,315.640,ppt,0.37,,-,,6822.8,,341.8,,5.01,,131.101,ppt,131.101,ppt,4.77,,-,,41342.0,,395.7,,0.96,,763.162,ppt,763.162,ppt,0.95,,-,,0.0,,0.0,,,not def.,,,,,,,-,,13106.0,,193.1,,1.47,,246.150,ppt,246.150,ppt,1.44,,-,,5546.6,,262.1,,4.72,,107.734,ppt,107.734,ppt,4.45,,-,,345.7,,45.0,,13.02,,12.503,ppt,12.503,ppt,6.59,,-,,46548.0,,67.5,,0.14,,858.485,ppt,858.485,ppt,0.14,,-,,1872.6,,10.7,,0.57,,40.460,ppt,40.460,ppt,0.49,,-,,630.5,,10.6,,1.69,,17.718,ppt,17.718,ppt,1.10,,-,,2610.1,,143.5,,5.50,,53.965,ppt,53.965,ppt,4.87,,-,,1.6,,2.2,,141.42,,6.202,ppt,6.202,ppt,0.65,,
Lu175(LR),-,,0.0,,0.0,,,not def.,,,,,,,-,,1694.8,,17.6,,1.04,,,,,,,,-,,4566.0,,79.6,,1.74,,,,,,,,-,,12271.6,,235.7,,1.92,,,,,,,,-,,36296.8,,271.4,,0.75,,,,,,,,-,,120365.5,,1319.9,,1.10,,,,,,,,-,,349154.8,,3247.6,,0.93,,,,,,,,-,,0.0,,0.0,,,not def.,,,,,,,-,,6063.9,,51.3,,0.85,,23.590,ppt,23.590,ppt,0.64,,-,,3414.0,,22.9,,0.67,,15.741,ppt,15.741,ppt,0.43,,-,,2025.4,,28.4,,1.40,,11.629,ppt,11.629,ppt,0.72,,-,,12267.9,,49.7,,0.40,,41.965,ppt,41.965,ppt,0.35,,-,,13133.5,,40.7,,0.31,,44.528,ppt,44.528,ppt,0.27,,-,,6561.1,,17.7,,0.27,,25.062,ppt,25.062,ppt,0.21,,-,,3598.1,,81.3,,2.26,,16.287,ppt,16.287,ppt,1.48,,-,,11398.5,,131.0,,1.15,,39.389,ppt,39.389,ppt,0.98,,-,,0.0,,0.0,,,not def.,,,,,,,-,,35302.2,,911.7,,2.58,,110.187,ppt,110.187,ppt,2.45,,-,,20806.1,,28.3,,0.14,,67.253,ppt,67.253,ppt,0.12,,-,,11273.2,,49.6,,0.44,,39.019,ppt,39.019,ppt,0.38,,-,,116425.1,,42.9,,0.04,,350.454,ppt,350.454,ppt,0.04,,-,,96357.6,,582.1,,0.60,,291.019,ppt,291.019,ppt,0.59,,-,,19522.8,,467.8,,2.40,,63.452,ppt,63.452,ppt,2.18,,-,,8148.0,,228.6,,2.81,,29.762,ppt,29.762,ppt,2.27,,-,,51181.8,,195.3,,0.38,,157.219,ppt,157.219,ppt,0.37,,-,,0.0,,0.0,,,not def.,,,,,,,-,,13867.7,,203.7,,1.47,,46.703,ppt,46.703,ppt,1.29,,-,,7347.6,,74.4,,1.01,,27.392,ppt,27.392,ppt,0.80,,-,,437.6,,0.0,,0.01,,6.926,ppt,6.926,ppt,0.00,,-,,56328.8,,237.9,,0.42,,172.463,ppt,172.463,ppt,0.41,,-,,2092.9,,60.2,,2.88,,11.829,ppt,11.829,ppt,1.51,,-,,736.9,,15.9,,2.15,,7.813,ppt,7.813,ppt,0.60,,-,,3479.1,,19.5,,0.56,,15.934,ppt,15.934,ppt,0.36,,-,,1.6,,2.2,,141.42,,5.635,ppt,5.635,ppt,0.12,,
Hf178(LR),-,,1.8,,2.5,,141.42,,,,,,,,-,,27639.1,,225.3,,0.82,,,,,,,,-,,75225.0,,362.9,,0.48,,,,,,,,-,,200635.6,,1276.8,,0.64,,,,,,,,-,,591519.2,,1972.0,,0.33,,,,,,,,-,,2008862.4,,27340.7,,1.36,,,,,,,,-,,5825524.6,,90073.8,,1.55,,,,,,,,-,,5.0,,7.1,,141.42,,,,,,,,-,,189050.2,,364.0,,0.19,,1435.449,ppt,1435.449,ppt,0.16,,-,,216004.8,,1965.2,,0.91,,1607.335,ppt,1607.335,ppt,0.78,,-,,116623.7,,57.0,,0.05,,973.595,ppt,973.595,ppt,0.04,,-,,745498.4,,6255.3,,0.84,,4983.843,ppt,4983.843,ppt,0.80,,-,,303398.4,,546.5,,0.18,,2164.632,ppt,2164.632,ppt,0.16,,-,,384176.8,,1107.6,,0.29,,2679.745,ppt,2679.745,ppt,0.26,,-,,161294.6,,1832.0,,1.14,,1258.455,ppt,1258.455,ppt,0.93,,-,,420610.4,,885.9,,0.21,,2912.077,ppt,2912.077,ppt,0.19,,-,,0.0,,0.0,,,not def.,,,,,,,-,,1151608.0,,4450.8,,0.39,,7573.580,ppt,7573.580,ppt,0.37,,-,,1022575.2,,1616.7,,0.16,,6750.756,ppt,6750.756,ppt,0.15,,-,,514642.8,,1414.8,,0.27,,3511.740,ppt,3511.740,ppt,0.26,,-,,6491567.7,,11330.5,,0.17,,41625.772,ppt,41625.772,ppt,0.17,,-,,2342176.0,,8716.1,,0.37,,15165.669,ppt,15165.669,ppt,0.37,,-,,1080564.8,,1676.7,,0.16,,7120.547,ppt,7120.547,ppt,0.15,,-,,424701.2,,12572.4,,2.96,,2938.195,ppt,2938.195,ppt,2.73,,-,,3801116.8,,4321.8,,0.11,,24469.135,ppt,24469.135,ppt,0.11,,-,,0.0,,0.0,,,not def.,,,,,,,-,,329734.8,,156.7,,0.05,,2332.607,ppt,2332.607,ppt,0.04,,-,,396836.4,,3333.6,,0.84,,2760.505,ppt,2760.505,ppt,0.77,,-,,20155.6,,544.1,,2.70,,358.463,ppt,358.463,ppt,0.97,,-,,3179219.2,,20654.3,,0.65,,20503.379,ppt,20503.379,ppt,0.64,,-,,51686.3,,163.2,,0.32,,559.530,ppt,559.530,ppt,0.19,,-,,33201.4,,438.0,,1.32,,441.655,ppt,441.655,ppt,0.63,,-,,177794.2,,3420.4,,1.92,,1363.703,ppt,1363.703,ppt,1.60,,-,,181.0,,19.1,,10.53,,231.088,ppt,231.088,ppt,0.05,,
Hf179(LR),-,,0.0,,0.0,,,not def.,,,,,,,-,,13973.0,,147.1,,1.05,,,,,,,,-,,38012.7,,40.8,,0.11,,,,,,,,-,,100747.5,,1839.8,,1.83,,,,,,,,-,,299341.2,,1982.7,,0.66,,,,,,,,-,,987128.8,,12665.7,,1.28,,,,,,,,-,,2965731.2,,46997.1,,1.58,,,,,,,,-,,1.6,,2.2,,141.42,,,,,,,,-,,94643.1,,36.1,,0.04,,1485.832,ppt,1485.832,ppt,0.03,,-,,108793.6,,12.4,,0.01,,1663.330,ppt,1663.330,ppt,0.01,,-,,57471.3,,181.1,,0.32,,1019.565,ppt,1019.565,ppt,0.22,,-,,373400.4,,4866.6,,1.30,,4982.445,ppt,4982.445,ppt,1.23,,-,,152717.0,,2013.0,,1.32,,2214.287,ppt,2214.287,ppt,1.14,,-,,191615.0,,2719.0,,1.42,,2702.207,ppt,2702.207,ppt,1.26,,-,,81235.9,,138.7,,0.17,,1317.658,ppt,1317.658,ppt,0.13,,-,,212589.4,,691.0,,0.33,,2965.301,ppt,2965.301,ppt,0.29,,-,,0.0,,0.0,,,not def.,,,,,,,-,,577132.8,,1927.9,,0.33,,7537.998,ppt,7537.998,ppt,0.32,,-,,512713.6,,3270.8,,0.64,,6729.951,ppt,6729.951,ppt,0.61,,-,,260182.2,,548.4,,0.21,,3562.304,ppt,3562.304,ppt,0.19,,-,,3361414.4,,12499.4,,0.37,,42462.843,ppt,42462.843,ppt,0.37,,-,,1150840.0,,7514.6,,0.65,,14734.337,ppt,14734.337,ppt,0.64,,-,,543163.6,,4468.3,,0.82,,7111.903,ppt,7111.903,ppt,0.79,,-,,211481.8,,4838.6,,2.29,,2951.427,ppt,2951.427,ppt,2.06,,-,,1888564.8,,1074.8,,0.06,,23988.044,ppt,23988.044,ppt,0.06,,-,,0.0,,0.0,,,not def.,,,,,,,-,,166666.8,,1703.3,,1.02,,2389.287,ppt,2389.287,ppt,0.89,,-,,197431.4,,67.6,,0.03,,2775.185,ppt,2775.185,ppt,0.03,,-,,10128.3,,102.6,,1.01,,425.734,ppt,425.734,ppt,0.30,,-,,1559627.2,,717.3,,0.05,,19861.990,ppt,19861.990,ppt,0.05,,-,,25891.5,,484.0,,1.87,,623.461,ppt,623.461,ppt,0.97,,-,,16436.4,,83.3,,0.51,,504.860,ppt,504.860,ppt,0.21,,-,,89720.4,,1053.3,,1.17,,1424.104,ppt,1424.104,ppt,0.93,,-,,75.0,,0.0,,0.00,,299.630,ppt,299.630,ppt,0.00,,
Ta181(LR),-,,0.3,,0.4,,141.42,,,,,,,,-,,116.8,,8.1,,6.97,,,,,,,,-,,249.5,,1.4,,0.57,,,,,,,,-,,642.8,,15.2,,2.37,,,,,,,,-,,1881.0,,12.0,,0.64,,,,,,,,-,,6063.6,,237.6,,3.92,,,,,,,,-,,17449.8,,119.7,,0.69,,,,,,,,-,,0.9,,1.3,,141.42,,,,,,,,-,,155.3,,6.7,,4.33,,0.405,ppt,0.405,ppt,3.22,,-,,75.5,,7.1,,9.37,,0.250,ppt,0.250,ppt,5.49,,-,,109.3,,3.9,,3.56,,0.315,ppt,0.315,ppt,2.39,,-,,210.8,,6.7,,3.19,,0.512,ppt,0.512,ppt,2.54,,-,,179.8,,0.4,,0.20,,0.452,ppt,0.452,ppt,0.15,,-,,127.8,,1.1,,0.83,,0.351,ppt,0.351,ppt,0.59,,-,,73.3,,11.7,,15.93,,0.246,ppt,0.246,ppt,9.22,,-,,162.5,,6.4,,3.92,,0.419,ppt,0.419,ppt,2.95,,-,,2.2,,1.6,,70.71,,,,,,,,-,,1704.5,,12.0,,0.71,,3.408,ppt,3.408,ppt,0.68,,-,,809.0,,6.4,,0.79,,1.671,ppt,1.671,ppt,0.74,,-,,367.8,,3.9,,1.06,,0.815,ppt,0.815,ppt,0.93,,-,,3219.0,,48.5,,1.51,,6.347,ppt,6.347,ppt,1.48,,-,,3516.3,,3.5,,0.10,,6.924,ppt,6.924,ppt,0.10,,-,,820.8,,32.9,,4.01,,1.693,ppt,1.693,ppt,3.77,,-,,234.3,,2.5,,1.06,,0.555,ppt,0.555,ppt,0.86,,-,,1334.7,,32.1,,2.41,,2.691,ppt,2.691,ppt,2.32,,-,,0.3,,0.4,,141.42,,,,,,,,-,,754.5,,0.7,,0.09,,1.569,ppt,1.569,ppt,0.09,,-,,606.3,,23.0,,3.79,,1.281,ppt,1.281,ppt,3.48,,-,,40.3,,1.1,,2.64,,0.183,ppt,0.183,ppt,1.13,,-,,1930.6,,10.7,,0.55,,3.851,ppt,3.851,ppt,0.54,,-,,110.8,,9.5,,8.62,,0.320,ppt,0.320,ppt,5.80,,-,,45.3,,1.1,,2.34,,0.192,ppt,0.192,ppt,1.07,,-,,237.3,,13.1,,5.51,,0.565,ppt,0.565,ppt,4.49,,-,,33.5,,2.1,,6.33,,0.170,ppt,0.170,ppt,2.43,,
Ir193(LR),-,,144.4,,15.7,,10.88,,,,,,,,-,,236902.2,,1358.5,,0.57,,,,,,,,-,,236791.6,,3335.8,,1.41,,,,,,,,-,,236687.6,,896.6,,0.38,,,,,,,,-,,237769.4,,2152.2,,0.91,,,,,,,,-,,245290.6,,978.4,,0.40,,,,,,,,-,,266606.0,,4764.2,,1.79,,,,,,,,-,,278.6,,61.7,,22.15,,,,,,,,-,,209070.0,,125.0,,0.06,,,not calib.,,not calib.,,,-,,212278.6,,1134.5,,0.53,,,not calib.,,not calib.,,,-,,209893.6,,3148.6,,1.50,,,not calib.,,not calib.,,,-,,214625.2,,0.0,,0.00,,,not calib.,,not calib.,,,-,,210324.6,,776.4,,0.37,,,not calib.,,not calib.,,,-,,211340.0,,215.0,,0.10,,,not calib.,,not calib.,,,-,,213663.6,,351.3,,0.16,,,not calib.,,not calib.,,,-,,210586.2,,573.3,,0.27,,,not calib.,,not calib.,,,-,,183.1,,39.7,,21.67,,,,,,,,-,,214718.8,,2036.5,,0.95,,,not calib.,,not calib.,,,-,,213812.4,,3311.0,,1.55,,,not calib.,,not calib.,,,-,,212841.6,,1048.8,,0.49,,,not calib.,,not calib.,,,-,,221935.8,,3708.9,,1.67,,,not calib.,,not calib.,,,-,,211724.6,,3107.0,,1.47,,,not calib.,,not calib.,,,-,,210155.4,,1158.2,,0.55,,,not calib.,,not calib.,,,-,,208327.4,,999.3,,0.48,,,not calib.,,not calib.,,,-,,215804.4,,3343.2,,1.55,,,not calib.,,not calib.,,,-,,135.8,,27.1,,19.96,,,,,,,,-,,204253.2,,2829.6,,1.39,,,not calib.,,not calib.,,,-,,205434.6,,250.9,,0.12,,,not calib.,,not calib.,,,-,,204713.6,,582.1,,0.28,,,not calib.,,not calib.,,,-,,211324.8,,257.4,,0.12,,,not calib.,,not calib.,,,-,,199978.4,,2370.8,,1.19,,,not calib.,,not calib.,,,-,,198745.0,,3651.8,,1.84,,,not calib.,,not calib.,,,-,,200529.6,,1104.2,,0.55,,,not calib.,,not calib.,,,-,,198477.4,,32.5,,0.02,,,not calib.,,not calib.,,,
Pb208(LR),-,,41.9,,3.2,,7.53,,,,,,,,-,,673.1,,3.6,,0.54,,,,,,,,-,,1527.1,,40.2,,2.63,,,,,,,,-,,3387.7,,31.8,,0.94,,,,,,,,-,,9061.1,,33.0,,0.36,,,,,,,,-,,32493.7,,218.8,,0.67,,,,,,,,-,,86625.9,,1235.0,,1.43,,,,,,,,-,,24.8,,3.9,,15.68,,,,,,,,-,,10844.8,,257.5,,2.37,,42.688,ppt,42.688,ppt,2.40,,-,,22298.5,,53.2,,0.24,,88.236,ppt,88.236,ppt,0.24,,-,,268.3,,16.5,,6.15,,0.628,ppt,0.628,ppt,10.46,,-,,2572.9,,48.3,,1.88,,9.793,ppt,9.793,ppt,1.96,,-,,868.4,,24.8,,2.86,,3.014,ppt,3.014,ppt,3.27,,-,,1287.4,,27.1,,2.10,,4.681,ppt,4.681,ppt,2.30,,-,,199.1,,31.9,,16.02,,0.353,ppt,0.353,ppt,35.97,,-,,209.0,,15.2,,7.29,,0.392,ppt,0.392,ppt,15.45,,-,,33.1,,10.4,,31.47,,,,,,,,-,,466.1,,1.1,,0.24,,1.382,ppt,1.382,ppt,0.32,,-,,68419.7,,521.1,,0.76,,271.615,ppt,271.615,ppt,0.76,,-,,628.0,,105.1,,16.73,,2.025,ppt,2.025,ppt,20.63,,-,,5283.7,,14.2,,0.27,,20.540,ppt,20.540,ppt,0.27,,-,,226.5,,18.9,,8.35,,0.429,ppt,0.429,ppt,17.54,,-,,1242.3,,72.1,,5.80,,4.468,ppt,4.468,ppt,6.42,,-,,446.9,,42.5,,9.50,,1.305,ppt,1.305,ppt,12.94,,-,,623.1,,57.9,,9.29,,2.006,ppt,2.006,ppt,11.47,,-,,17.4,,3.5,,20.14,,,,,,,,-,,829.2,,21.3,,2.57,,2.888,ppt,2.888,ppt,2.93,,-,,57399.4,,550.4,,0.96,,227.852,ppt,227.852,ppt,0.96,,-,,218.3,,28.3,,12.96,,0.458,ppt,0.458,ppt,24.53,,-,,227.3,,19.9,,8.76,,0.494,ppt,0.494,ppt,16.01,,-,,711.5,,22.4,,3.15,,2.420,ppt,2.420,ppt,3.68,,-,,807.5,,23.7,,2.93,,2.802,ppt,2.802,ppt,3.36,,-,,1952.7,,9.4,,0.48,,7.356,ppt,7.356,ppt,0.51,,-,,974.5,,30.7,,3.15,,3.466,ppt,3.466,ppt,3.52,,
Th232(LR),-,,0.0,,0.0,,,not def.,,,,,,,-,,519.0,,1.7,,0.33,,,,,,,,-,,1440.6,,65.4,,4.54,,,,,,,,-,,3837.3,,100.9,,2.63,,,,,,,,-,,10953.8,,125.8,,1.15,,,,,,,,-,,36699.4,,209.3,,0.57,,,,,,,,-,,108694.3,,1787.4,,1.64,,,,,,,,-,,1.8,,2.5,,141.42,,,,,,,,-,,122748.7,,325.7,,0.27,,3918.673,ppt,3918.673,ppt,0.26,,-,,3204.9,,106.2,,3.32,,125.744,ppt,125.744,ppt,2.68,,-,,2102.9,,67.2,,3.19,,90.781,ppt,90.781,ppt,2.35,,-,,11142.8,,49.6,,0.44,,377.603,ppt,377.603,ppt,0.42,,-,,290379.2,,2065.9,,0.71,,9237.314,ppt,9237.314,ppt,0.71,,-,,8895.7,,46.0,,0.52,,306.305,ppt,306.305,ppt,0.48,,-,,4180.3,,125.7,,3.01,,156.693,ppt,156.693,ppt,2.55,,-,,14414.0,,12.4,,0.09,,481.392,ppt,481.392,ppt,0.08,,-,,0.0,,0.0,,,not def.,,,,,,,-,,1023080.0,,6380.9,,0.62,,32484.764,ppt,32484.764,ppt,0.62,,-,,116330.6,,1665.1,,1.43,,3715.094,ppt,3715.094,ppt,1.42,,-,,35388.7,,523.3,,1.48,,1146.940,ppt,1146.940,ppt,1.45,,-,,169358.2,,469.2,,0.28,,5397.573,ppt,5397.573,ppt,0.28,,-,,4052864.0,,10435.8,,0.26,,128614.838,ppt,128614.838,ppt,0.26,,-,,252485.8,,1559.9,,0.62,,8035.075,ppt,8035.075,ppt,0.62,,-,,41511.6,,1231.5,,2.97,,1341.208,ppt,1341.208,ppt,2.91,,-,,53737.7,,251.9,,0.47,,1729.124,ppt,1729.124,ppt,0.46,,-,,0.0,,0.0,,,not def.,,,,,,,-,,832159.2,,3736.9,,0.45,,26427.161,ppt,26427.161,ppt,0.45,,-,,31646.4,,218.1,,0.69,,1028.203,ppt,1028.203,ppt,0.67,,-,,643.0,,56.7,,8.82,,44.517,ppt,44.517,ppt,4.04,,-,,90369.2,,483.7,,0.54,,2891.381,ppt,2891.381,ppt,0.53,,-,,46455.2,,312.4,,0.67,,1498.061,ppt,1498.061,ppt,0.66,,-,,1236.5,,60.1,,4.86,,63.348,ppt,63.348,ppt,3.01,,-,,8221.9,,53.1,,0.65,,284.981,ppt,284.981,ppt,0.59,,-,,20.8,,13.7,,66.00,,24.776,ppt,24.776,ppt,1.76,,
U238(LR),-,,0.0,,0.0,,,not def.,,,,,,,-,,11793.1,,175.5,,1.49,,,,,,,,-,,31897.3,,310.3,,0.97,,,,,,,,-,,84123.2,,649.1,,0.77,,,,,,,,-,,251994.4,,3382.8,,1.34,,,,,,,,-,,824539.2,,9213.9,,1.12,,,,,,,,-,,2431936.0,,31841.3,,1.31,,,,,,,,-,,0.0,,0.0,,,not def.,,,,,,,-,,6167.7,,0.1,,0.00,,30.765,ppt,30.765,ppt,0.00,,-,,718.2,,10.7,,1.48,,23.036,ppt,23.036,ppt,0.07,,-,,1342.9,,44.3,,3.30,,23.922,ppt,23.922,ppt,0.26,,-,,2526.2,,45.9,,1.82,,25.600,ppt,25.600,ppt,0.25,,-,,12071.2,,157.7,,1.31,,39.138,ppt,39.138,ppt,0.57,,-,,1570.8,,86.8,,5.52,,24.245,ppt,24.245,ppt,0.51,,-,,1151.4,,24.9,,2.16,,23.651,ppt,23.651,ppt,0.15,,-,,2373.4,,53.1,,2.24,,25.384,ppt,25.384,ppt,0.30,,-,,0.0,,0.0,,,not def.,,,,,,,-,,43017.0,,589.1,,1.37,,83.026,ppt,83.026,ppt,1.01,,-,,1600.8,,33.6,,2.10,,24.288,ppt,24.288,ppt,0.20,,-,,2354.7,,15.8,,0.67,,25.357,ppt,25.357,ppt,0.09,,-,,28177.1,,294.3,,1.04,,61.980,ppt,61.980,ppt,0.67,,-,,380431.2,,3157.7,,0.83,,561.564,ppt,561.564,ppt,0.80,,-,,15722.1,,288.8,,1.84,,44.315,ppt,44.315,ppt,0.92,,-,,5569.1,,134.5,,2.42,,29.916,ppt,29.916,ppt,0.64,,-,,8169.4,,124.1,,1.52,,33.604,ppt,33.604,ppt,0.52,,-,,0.0,,0.0,,,not def.,,,,,,,-,,42880.3,,246.7,,0.58,,82.833,ppt,82.833,ppt,0.42,,-,,16849.8,,207.4,,1.23,,45.915,ppt,45.915,ppt,0.64,,-,,253.8,,23.0,,9.06,,22.377,ppt,22.377,ppt,0.15,,-,,15098.1,,558.1,,3.70,,43.430,ppt,43.430,ppt,1.82,,-,,4671.3,,54.9,,1.18,,28.643,ppt,28.643,ppt,0.27,,-,,1102.6,,26.5,,2.40,,23.581,ppt,23.581,ppt,0.16,,-,,1706.1,,44.3,,2.59,,24.437,ppt,24.437,ppt,0.26,,-,,261.3,,12.4,,4.74,,22.388,ppt,22.388,ppt,0.08,,
Zr91++(LR),-,,0.0,,0.0,,,not def.,,,,,,,-,,202.8,,43.2,,21.31,,,,,,,,-,,665.6,,70.7,,10.63,,,,,,,,-,,1887.5,,120.5,,6.38,,,,,,,,-,,5248.6,,99.3,,1.89,,,,,,,,-,,18440.0,,53.2,,0.29,,,,,,,,-,,54829.9,,1509.2,,2.75,,,,,,,,-,,0.0,,0.0,,,not def.,,,,,,,-,,1607.1,,49.6,,3.09,,,not calib.,,not calib.,,,-,,1990.3,,46.0,,2.31,,,not calib.,,not calib.,,,-,,1076.2,,70.9,,6.58,,,not calib.,,not calib.,,,-,,6683.9,,95.6,,1.43,,,not calib.,,not calib.,,,-,,2621.4,,152.4,,5.81,,,not calib.,,not calib.,,,-,,3465.3,,106.2,,3.06,,,not calib.,,not calib.,,,-,,1466.9,,92.0,,6.27,,,not calib.,,not calib.,,,-,,4271.8,,99.2,,2.32,,,not calib.,,not calib.,,,-,,6.3,,8.8,,141.42,,,,,,,,-,,7417.8,,290.6,,3.92,,,not calib.,,not calib.,,,-,,6576.2,,205.4,,3.12,,,not calib.,,not calib.,,,-,,3380.2,,21.3,,0.63,,,not calib.,,not calib.,,,-,,43569.2,,656.4,,1.51,,,not calib.,,not calib.,,,-,,14528.2,,453.6,,3.12,,,not calib.,,not calib.,,,-,,7375.2,,74.4,,1.01,,,not calib.,,not calib.,,,-,,2711.5,,173.6,,6.40,,,not calib.,,not calib.,,,-,,25524.3,,478.7,,1.88,,,not calib.,,not calib.,,,-,,0.0,,0.0,,,not def.,,,,,,,-,,2047.8,,7.2,,0.35,,,not calib.,,not calib.,,,-,,2418.5,,84.9,,3.51,,,not calib.,,not calib.,,,-,,127.2,,24.4,,19.14,,,not calib.,,not calib.,,,-,,19362.3,,3.5,,0.02,,,not calib.,,not calib.,,,-,,383.8,,16.2,,4.21,,,not calib.,,not calib.,,,-,,255.1,,28.3,,11.09,,,not calib.,,not calib.,,,-,,1131.3,,113.3,,10.01,,,not calib.,,not calib.,,,-,,5.0,,7.1,,141.42,,,not calib.,,not calib.,,,
,,,,,,,,,,,,,,,,,,,,,,,,,,,,,,,,,,,,,,,,,,,,,,,,,,,,,,,,,,,,,,,,,,,,,,,,,,,,,,,,,,,,,,,,,,,,,,,,,,,,,,,,,,,,,,,,,,,,,,,,,,,,,,,,,,,,,,,,,,,,,,,,,,,,,,,,,,,,,,,,,,,,,,,,,,,,,,,,,,,,,,,,,,,,,,,,,,,,,,,,,,,,,,,,,,,,,,,,,,,,,,,,,,,,,,,,,,,,,,,
,,,,,,,,,,,,,,,,,,,,,,,,,,,,,,,,,,,,,,,,,,,,,,,,,,,,,,,,,,,,,,,,,,,,,,,,,,,,,,,,,,,,,,,,,,,,,,,,,,,,,,,,,,,,,,,,,,,,,,,,,,,,,,,,,,,,,,,,,,,,,,,,,,,,,,,,,,,,,,,,,,,,,,,,,,,,,,,,,,,,,,,,,,,,,,,,,,,,,,,,,,,,,,,,,,,,,,,,,,,,,,,,,,,,,,,,,,,,,,,
,,,,,,,,,,,,,,,,,,,,,,,,,,,,,,,,,,,,,,,,,,,,,,,,,,,,,,,,,,,,,,,,,,,,,,,,,,,,,,,,,,,,,,,,,,,,,,,,,,,,,,,,,,,,,,,,,,,,,,,,,,,,,,,,,,,,,,,,,,,,,,,,,,,,,,,,,,,,,,,,,,,,,,,,,,,,,,,,,,,,,,,,,,,,,,,,,,,,,,,,,,,,,,,,,,,,,,,,,,,,,,,,,,,,,,,,,,,,,,,
Errorcodes :   S=Amplifier Skipped    D=Intensity Defocussed   O=Overflow,,,,,,,,,,,,,,,,,,,,,,,,,,,,,,,,,,,,,,,,,,,,,,,,,,,,,,,,,,,,,,,,,,,,,,,,,,,,,,,,,,,,,,,,,,,,,,,,,,,,,,,,,,,,,,,,,,,,,,,,,,,,,,,,,,,,,,,,,,,,,,,,,,,,,,,,,,,,,,,,,,,,,,,,,,,,,,,,,,,,,,,,,,,,,,,,,,,,,,,,,,,,,,,,,,,,,,,,,,,,,,,,,,,,,,,,,,,,,,,
